<?xml version="1.0" encoding="UTF-8"?>
<project-private xmlns="http://www.netbeans.org/ns/project-private/1">
    <editor-bookmarks xmlns="http://www.netbeans.org/ns/editor-bookmarks/2" lastBookmarkId="0"/>
    <open-files xmlns="http://www.netbeans.org/ns/projectui-open-files/2">
        <group>
            <file>file:/C:/xampp/htdocs/AlpacaNet/Includes/AsideCont.php</file>
            <file>file:/C:/xampp/htdocs/AlpacaNet/Classes/test.php</file>
            <file>file:/C:/xampp/htdocs/AlpacaNet/Classes/DataBindings.php</file>
            <file>file:/C:/xampp/htdocs/AlpacaNet/Opret.php</file>
            <file>file:/C:/xampp/htdocs/AlpacaNet/AndreProfiler.php</file>
            <file>file:/C:/xampp/htdocs/AlpacaNet/Indbakke.php</file>
        </group>
    </open-files>
</project-private>
